Channel,Total_Revenue,AOV,Session_Count,Avg_kWh,Assumed_Capex,Est_Monthly_Revenue,Monthly_ROI_Pct
B2B,186241.43287708,2.3105730841779564,80604,8.884070115316858,5000,138.6343850506774,2.772687701013548
B2C,184002.6810513296,9.489076429855583,19391,17.341773619153216,15000,569.344585791335,3.7956305719422336
